{
  "project_info": {
    "project_number": "554611234227",
    "project_id": "socialmediaapplication-d2590",
    "storage_bucket": "socialmediaapplication-d2590.appspot.com"
  },
  "client": [
    {
      "client_info": {
        "mobilesdk_app_id": "1:554611234227:android:e8e8ea124a35cdc652a7c6",
        "android_client_info": {
          "package_name": "com.example.socialmediaapplication"
        }
      },
      "oauth_client": [],
      "api_key": [
        {
          "current_key": "AIzaSyDhnC7Nn__qkNAHQgWkBV5JhRFrXUwuMMA"
        }
      ],
      "services": {
        "appinvite_service": {
          "other_platform_oauth_client": []
        }
      }
    }
  ],
  "configuration_version": "1"
}